date,GBX,USD
2013-08-05,155.82,2.3819646378355346
2013-08-06,156.01,2.3968437755810843
2013-08-07,154.6,2.370044050979386
2013-08-08,153.87,2.384098905144746
2013-08-09,153.91,2.392410882245324
2013-08-12,153.86,2.3868897408392695
2013-08-13,154.1,2.3824298517347464
2013-08-14,153.91,2.3782066900847934
2013-08-15,152.52,2.366574953152295
2013-08-16,150.28,2.3506832060008334
2013-08-19,149.97,2.345946222963866
2013-08-20,149.61,2.3413269106013086
2013-08-21,149.67,2.3447173814898417
2013-08-22,149.97,2.3433103618896656
2013-08-23,150.34,2.343356861653733
2013-08-27,150.97,2.3507414193174125
2013-08-28,149.58,2.3245754195608095
2013-08-29,148.76,2.310793440935171
2013-08-30,149.31,2.3180007920792076
2013-09-02,148.93,2.3173075828226075
2013-09-03,149.0,2.317784793363915
2013-09-04,147.97,2.3027457955578097
2013-09-05,148.75,2.3238185947397922
2013-09-06,149.14,2.3292197953507894
2013-09-09,148.63,2.3240367174316567
2013-09-10,150.16,2.3579098645993737
2013-09-12,150.79,2.3865209203773503
2013-09-13,151.04,2.3861901461094117
2013-09-16,151.33,2.413387454198719
2013-09-17,151.88,2.414920373632239
2013-09-18,151.53,2.4093676298725577
2013-09-19,152.77,2.4667714081161116
2013-09-20,153.23,2.4585153161378677
2013-09-23,152.21,2.44004699508138
2013-09-24,152.01,2.4377350439149525
2013-09-25,150.58,2.409910315136531
2013-09-26,149.97,2.410740026098303
2013-09-27,149.97,2.4051494164058425
2013-09-30,148.96,2.408993552338043
2013-10-01,147.7,2.3924427961241403
2013-10-02,147.85,2.390705569250234
2013-10-03,148.08,2.4038587232734097
2013-10-04,148.36,2.3987669365409827
2013-10-07,148.04,2.376711489343059
2013-10-08,147.44,2.3722125898019977
2013-10-09,147.27,2.369128887601011
2013-10-10,147.58,2.3537990747980198
2013-10-11,148.96,2.3815918519082144
2013-10-14,149.89,2.39553922050791
2013-10-15,151.07,2.4159342613630184
2013-10-16,148.38,2.370587912183082
2013-10-17,150.5,2.4049150805270862
2013-10-18,151.1,2.440242397343591
2013-10-21,152.21,2.4605695779402255
2013-10-22,152.93,2.4679150624266937
2013-10-23,153.66,2.496598811591958
2013-10-24,153.72,2.4893981016241655
2013-10-25,153.98,2.4944585723638215
2013-10-28,154.99,2.507055173408161
2013-10-29,156.31,2.5156410306523562
2013-10-30,156.74,2.5129619518845936
2013-10-31,155.78,2.4987511791959673
2013-11-01,155.48,2.492913396263434
2013-11-04,155.83,2.483757778814543
2013-11-05,155.35,2.4829203282361387
2013-11-06,155.65,2.502730685775661
2013-11-07,156.8,2.521017253173216
2013-11-08,155.26,2.4998733267142947
2013-11-11,157.06,2.5160070907374017
2013-11-12,158.0,2.5240491931929347
2013-11-13,156.92,2.494668224672505
2013-11-14,157.59,2.528001984539431
2013-11-15,157.88,2.5375152973159576
2013-11-18,158.35,2.5520843024828253
2013-11-19,157.66,2.5413845635980628
2013-11-20,157.25,2.5359574427563993
2013-11-21,156.81,2.5228038918568885
2013-11-22,156.91,2.5413757808438744
2013-11-25,157.7,2.560012479292004
2013-11-26,157.75,2.548873074165019
2013-11-27,156.31,2.533672239193524
2013-11-28,156.14,2.546808866543793
2013-11-29,156.32,2.559112711994223
2013-12-02,155.38,2.5536619389272897
2013-12-04,154.51,2.532771454995184
2013-12-05,154.61,2.5330820819524615
2013-12-06,154.07,2.5175342516424672
2013-12-09,155.25,2.5384767666344907
2013-12-10,154.97,2.5504397319291523
2013-12-11,154.57,2.540738240176472
2013-12-12,152.81,2.5023798047712655
2013-12-13,152.73,2.497942315522477
2013-12-16,152.32,2.4834742032149895
2013-12-17,153.06,2.497629084012049
2013-12-18,152.32,2.4811599847850894
2013-12-19,154.55,2.530467196720225
2013-12-20,154.74,2.533685677132121
2013-12-23,155.56,2.54415854334928
2013-12-24,156.14,2.5538527375735844
2013-12-27,156.54,2.5736448784376247
2013-12-30,156.9,2.5856858087859886
2013-12-31,156.69,2.5830966622073577
2014-01-02,155.64,2.5815651646581883
2014-01-03,154.85,2.5444729306020064
2014-01-06,155.69,2.54796536289045
2014-01-07,154.83,2.5410275519579963
2014-01-08,154.66,2.5365925667574927
2014-01-09,153.73,2.530340167591095
2014-01-10,154.38,2.544792887326251
2014-01-13,154.57,2.550895596019944
2014-01-14,154.14,2.5284323808895346
2014-01-15,154.94,2.5453799536551243
2014-01-16,156.5,2.562235888831995
2014-01-17,155.84,2.546114230109008
2014-01-20,155.47,2.5530644200899353
2014-01-21,156.41,2.5708449913119025
2014-01-22,156.12,2.5742186862203273
2014-01-23,156.41,2.592469571067395
2014-01-24,154.97,2.578082340177116
2014-01-27,152.87,2.5232532799946883
2014-01-28,152.02,2.5220023129176563
2014-01-29,152.14,2.522640924397491
2014-01-30,150.49,2.492957927779559
2014-01-31,150.79,2.486088943736905
2014-02-03,152.5,2.5052977151710896
2014-02-04,149.73,2.44189677383981
2014-02-05,150.47,2.4577277779604008
2014-02-06,150.87,2.4622207440107795
2014-02-07,151.93,2.480717809679795
2014-02-17,154.7,2.5998270846297444
2014-02-18,154.76,2.590078646295967
2014-02-19,155.09,2.588587366284064
2014-02-20,154.56,2.577420123203286
2014-02-21,155.21,2.586234155902005
2014-02-24,155.39,2.5857366111867197
2014-02-25,155.88,2.599105593494124
2014-02-26,155.97,2.6019823703968137
2014-02-27,155.68,2.5966572381587727
2014-02-28,156.31,2.6088030257759542
2014-03-03,155.67,2.6079144407054344
2014-03-04,155.94,2.5980449563074166
2014-03-05,156.93,2.6163752175076964
2014-03-06,156.5,2.617652650700427
2014-03-07,156.47,2.619286982654796
2014-03-10,157.36,2.6336128212363015
2014-03-11,157.48,2.622324402528479
2014-03-12,157.34,2.6174231506756604
2014-03-13,156.45,2.602020967303686
2014-03-14,155.82,2.5906841956428295
2014-03-17,155.88,2.5939873035313328
2014-03-18,156.77,2.60971537257393
2014-03-19,157.39,2.6121962984370923
2014-03-20,156.5,2.5885545023696674
2014-03-21,157.82,2.6074954805299617
2014-03-24,157.49,2.596748793721973
2014-03-25,157.45,2.598751523122232
2014-03-26,158.01,2.613771551057463
2014-03-27,156.98,2.604095744276303
2014-03-28,157.45,2.6176743664173268
2014-04-01,159.26,2.6537807742671986
2014-04-02,159.71,2.6574567517552325
2014-04-03,159.95,2.66387552457699
2014-04-04,159.77,2.6509140798029343
2014-04-07,158.56,2.628080690926045
2014-04-08,156.6,2.6025377015544504
2014-04-09,157.14,2.6325656634195496
2014-04-10,157.9,2.6536727682089385
2014-04-11,156.06,2.6185463236041904
2014-04-14,155.95,2.6099882140438018
2014-04-15,156.62,2.6199263266797863
2014-04-16,156.69,2.6211529762908503
2014-04-17,156.99,2.643323979087025
2014-04-22,157.91,2.6528915332550205
2014-04-23,158.25,2.663875
2014-04-24,158.08,2.654419209254879
2014-04-25,157.83,2.6530380304459116
2014-04-28,156.95,2.6360935441518074
2014-04-29,158.47,2.665088931894641
2014-04-30,158.12,2.6609937871777922
2014-05-02,158.66,2.6793807945976362
2014-05-06,158.44,2.674418877033094
2014-05-07,158.13,2.6852744027999593
2014-05-08,159.36,2.7023423620446207
2014-05-09,160.11,2.710147699276177
2014-05-12,160.55,2.7059680974477964
2014-05-13,161.74,2.7309501673210783
2014-05-14,162.43,2.7353891653683506
2014-05-15,162.28,2.72191922546183
2014-05-16,161.41,2.7110277189862164
2014-05-19,162.07,2.72787188006483
2014-05-20,161.84,2.721216252801633
2014-05-21,160.68,2.7065864953053205
2014-05-22,161.79,2.7338377162859735
2014-05-23,161.6,2.7258714459564106
2014-05-27,162.2,2.7359823733917934
2014-05-28,162.89,2.7383181233238045
2014-05-29,163.56,2.7359540384997025
2014-05-30,164.46,2.7517094170205727
2014-06-02,164.67,2.7588939762630944
2014-06-03,164.45,2.7548622547345456
2014-06-04,164.31,2.7501408461894994
2014-06-05,164.3,2.751044898454478
2014-06-06,163.88,2.7564689914127327
2014-06-09,164.39,2.76330686330999
2014-06-10,164.67,2.7696218220946918
2014-06-11,164.38,2.7537133048248266
2014-06-12,164.03,2.755999386887989
2014-06-13,162.16,2.748916368447164
2014-06-16,161.92,2.7503367561799354
2014-06-17,162.59,2.758858204515155
2014-06-18,162.68,2.760701955602537
2014-06-19,163.32,2.7761838711814986
2014-06-20,163.8,2.7932753205589975
2014-06-23,164.04,2.793733437973228
2014-06-24,163.86,2.789888461921354
2014-06-25,163.19,2.7716373883199554
2014-06-26,162.92,2.768482002151182
2014-06-27,162.62,2.7706016825351085
2014-06-30,162.59,2.7701790066791876
2014-07-01,160.49,2.747090293267245
2014-07-02,161.45,2.769141690269631
2014-07-03,161.97,2.780660534227052
2014-07-04,162.84,2.795434432331827
2014-07-07,162.6,2.7883068656716414
2014-07-08,162.27,2.782578051861703
2014-07-09,161.61,2.769504895166924
2014-07-10,161.45,2.7716450861589768
2014-07-11,161.19,2.7608636917689817
2014-07-14,162.31,2.779733812079941
2014-07-15,162.01,2.7687464207592627
2014-07-16,161.56,2.7695999999999996
2014-07-17,162.26,2.7816741293751788
2014-07-18,161.89,2.768723849953689
2014-07-21,162.72,2.781767731122089
2014-07-22,162.81,2.781545374881506
2014-07-23,163.35,2.788719341252345
2014-07-24,163.78,2.7915502095079305
2014-07-25,164.02,2.787354052038085
2014-07-28,163.75,2.7808905829449224
2014-07-29,163.89,2.7839444171940353
2014-07-30,163.34,2.7700380781830094
2014-07-31,162.63,2.7520377626416743
2014-08-01,160.52,2.7105059471941453
2014-08-04,160.62,2.7036188693667627
2014-08-05,160.8,2.712086175472295
2014-08-06,160.02,2.7001742409402545
2014-08-07,160.71,2.7106956594323877
2014-08-08,159.8,2.686107721452835
2014-08-11,161.43,2.70947786227015
2014-08-12,161.92,2.7174263335260047
2014-08-13,163.01,2.7403188343203655
2014-08-14,164.14,2.7387684986317495
2014-08-15,164.82,2.75088079917026
2014-08-18,164.28,2.7478905647556524
2014-08-19,165.89,2.7750127452586058
2014-08-20,166.23,2.7631779427451835
2014-08-21,166.57,2.763094713074366
2014-08-22,167.16,2.7709117630453193
2014-08-26,167.2,2.7745983183456158
2014-08-27,167.2,2.7673531353135314
2014-08-28,167.01,2.772945330081301
2014-08-29,167.32,2.7762196321938553
2014-09-01,167.62,2.782762791599354
2014-09-02,168.49,2.796529415182029
2014-09-03,169.64,2.7943714756463955
2014-09-04,169.99,2.798405497385022
2014-09-05,170.06,2.774337155417746
2014-09-08,171.78,2.7885305906365607
2014-09-09,171.84,2.7677404627641002
2014-09-10,171.44,2.7655280498286348
2014-09-11,170.67,2.7650368355995054
2014-09-12,171.2,2.780843585757643
2014-09-15,170.67,2.774324361966184
2014-09-16,171.03,2.7786709533803986
2014-09-17,170.84,2.7788798913677693
2014-09-18,170.26,2.770448166966474
2014-09-19,170.63,2.817886674291039
2014-09-22,170.97,2.794743512037779
2014-09-23,169.56,2.777914220676573
2014-09-24,168.32,2.761269670239337
2014-09-26,168.49,2.7510923289304428
2014-09-29,169.25,2.750614030981139
2014-09-30,169.86,2.758855161290323
2014-10-01,169.93,2.752783642972537
2014-10-02,168.75,2.73440411852404
2014-10-03,168.92,2.7256068957653037
2014-10-06,171.17,2.7354195437472493
2014-10-07,170.68,2.7392875873009332
2014-10-08,169.15,2.7192578953893194
2014-10-09,170.98,2.7663576383472175
2014-10-10,169.23,2.7302575896658423
2014-10-13,167.72,2.7045581823470743
2014-10-14,167.11,2.6873118139544583
2014-10-15,168.95,2.6859054643619555
2014-10-16,165.39,2.6470963387811373
2014-10-17,164.68,2.6496849114849117
2014-10-20,166.51,2.681224905841982
2014-10-21,168.04,2.7158614110410126
2014-10-22,170.11,2.7437440471840913
2014-10-23,170.46,2.7356036457523256
2014-10-24,171.32,2.748092604942503
2014-10-27,172.23,2.774248013762903
2014-10-28,173.2,2.7940969532554254
2014-10-29,174.69,2.8179211810093356
2014-10-30,175.28,2.8028379817407436
2014-10-31,178.06,2.847931965482991
2014-11-03,178.61,2.852470969824274
2014-11-04,178.79,2.859310788219831
2014-11-05,180.94,2.8965336745433907
2014-11-06,180.96,2.8884671704312113
2014-11-07,182.36,2.8895661231552165
2014-11-10,181.68,2.888755818750962
2014-11-11,183.58,2.9113171039297376
2014-11-12,183.81,2.926027039748954
2014-11-13,185.39,2.9250861210438415
2014-11-14,186.49,2.9242583836788283
2014-11-17,185.96,2.924996234543609
2014-11-18,186.81,2.925524154097653
2014-11-19,187.12,2.922837572755418
2014-11-20,186.68,2.9268045819204374
2014-11-21,187.5,2.944268388510929
2014-11-24,187.88,2.9428333431889317
2014-11-25,188.67,2.959362582446237
2014-11-26,188.17,2.955908326916166
2014-11-27,188.85,2.982876795477713
2014-11-28,189.75,2.9970922528032617
2014-12-01,190.66,2.976885308658402
2014-12-02,191.12,3.0064416998236183
2014-12-03,191.6,2.998862329248541
2014-12-04,191.58,3.006467842962483
2014-12-05,191.72,3.0029123651858347
2014-12-08,191.47,2.981741208607764
2014-12-09,191.18,2.9913830408111535
2014-12-10,189.65,2.9719159608190893
2014-12-11,187.63,2.9484357283363725
2014-12-12,187.87,2.9531203737572924
2015-01-15,193.08,2.941058295145631
2015-01-16,193.66,2.9420515563218386
2015-01-19,195.52,2.9614057059253844
2015-01-20,196.07,2.956308022581081
2015-01-21,196.56,2.979011858083975
2015-01-22,196.77,2.9824358113912024
2015-01-23,201.71,3.0301080974512233
2015-01-26,200.98,3.014406466689136
2015-01-27,200.6,3.0303825720586777
2015-01-28,197.02,2.9889129582426244
2015-01-29,197.36,2.989867443554261
2015-01-30,198.25,2.988880501288106
2015-02-02,195.61,2.9504266152908865
2015-02-03,196.61,2.9574758733101083
2015-02-04,195.9,2.9697291572925373
2015-02-05,196.03,2.9786649539573125
2015-02-06,195.98,3.0065151826288266
2015-02-09,195.83,2.9894256075887022
2015-02-10,195.09,2.972850812393424
2015-02-11,195.88,2.9880553055623773
2015-02-12,195.87,2.982702612385908
2015-02-13,195.88,3.0152889315214497
2015-02-16,195.68,3.018192263122018
2015-02-17,195.59,3.007908309160265
2015-02-18,195.73,3.0060074072114773
2015-02-19,196.45,3.0373060476320712
2015-02-20,197.04,3.0399411851836398
2015-02-23,198.47,3.054082971200755
2015-02-24,198.54,3.065152837555048
2015-02-25,198.21,3.0687122157373636
2015-02-26,198.18,3.0826140726146924
2015-02-27,199.58,3.0813195764774406
2015-03-02,199.54,3.0716680870456874
2015-03-03,200.76,3.0862230045636587
2015-03-04,198.58,3.0496776707828253
2015-03-05,200.38,3.057269364114445
2015-03-06,201.65,3.0746142091180095
2015-03-09,199.01,2.9974575075798646
2015-03-10,199.74,3.013972369542333
2015-03-11,196.85,2.966969826988248
2015-03-12,197.3,2.943131041365006
2015-03-13,199.94,2.97442383581089
2015-03-16,200.07,2.953113239029
2015-03-17,202.06,2.997054037389051
2015-03-18,202.65,2.991784086209952
2015-03-19,201.93,3.0113525923327487
2015-03-20,203.49,3.0060647779479335
2015-03-23,203.05,3.0292323612037433
2015-03-24,204.11,3.0473110133554058
2015-03-25,202.98,3.0198067603713765
2015-03-26,199.07,2.964379806223946
2015-03-27,199.82,2.967275233160622
2015-03-31,201.51,2.9827462134075233
2015-04-02,200.23,2.96765914622289
2015-04-07,201.79,3.006163807524892
2015-04-08,201.46,2.9863239438351954
2015-04-09,203.06,3.0185677958473973
2015-04-10,205.36,3.024202922196518
2015-04-13,206.25,3.020116112617352
2015-04-14,205.42,3.015130507220674
2015-04-15,204.36,3.0163422158519104
2015-04-16,203.21,3.018818954342503
2015-04-17,202.29,3.0209106122068836
2015-04-21,204.38,3.0420164444168787
2015-04-22,203.21,3.0336540992778476
2015-04-23,203.78,3.061561302885106
2015-04-24,204.22,3.071358143292115
2015-04-27,205.84,3.124001610693677
2015-04-28,202.15,3.0793259699728344
2015-04-29,201.96,3.097838328016902
2015-04-30,199.7,3.082860074980518
2015-05-05,203.42,3.0768481319891556
2015-05-06,201.02,3.0519064745588937
2015-05-07,199.58,3.040099672888621
2015-05-08,199.97,3.0878099272438515
2015-05-11,201.7,3.112689985889642
2015-05-12,198.05,3.0848344881656176
2015-05-13,198.31,3.107146877797196
2015-05-14,197.65,3.1135260485865817
2015-05-15,201.08,3.1675578945094354
2015-05-18,201.02,3.1581400876975616
2015-05-19,203.37,3.180215290461085
2015-05-20,203.37,3.1548792095312534
2015-05-21,201.53,3.1327831675414832
2015-05-22,202.39,3.1729243357219863
2015-05-26,202.71,3.1295976641618677
2015-05-27,202.02,3.107399582472139
2015-05-28,204.81,3.146902776125943
2015-05-29,205.15,3.1456764230203738
2015-06-01,203.97,3.118247019345895
2015-06-02,203.63,3.0961544715702605
2015-06-03,202.28,3.1072497873198053
2015-06-04,200.41,3.071635833368639
2015-06-05,199.71,3.0674001333968555
2015-06-08,199.79,3.050013581480469
2015-06-09,198.16,3.0430436345375087
2015-06-10,196.49,3.024331930197915
2015-06-11,199.24,3.0872028119135226
2015-06-12,198.85,3.0877327881727394
2015-06-15,197.09,3.0644324219992787
2015-06-16,194.33,3.03353614697437
2015-06-17,193.95,3.033995788667687
2015-06-18,193.01,3.0576620213292056
2015-06-19,195.82,3.1108300391179116
2015-06-22,196.2,3.1150755571857003
2015-06-23,197.82,3.123978498868305
2015-06-24,197.33,3.104880988327096
2015-06-25,196.55,3.083658512948155
2015-06-26,195.83,3.0817715086279818
2015-06-29,195.04,3.0630117428872494
2015-06-30,192.14,3.022994187921039
2015-07-01,191.48,3.0058008320013547
2015-07-02,192.74,3.0075233085847355
2015-07-03,192.2,3.0010547053760734
2015-07-06,192.24,2.991525095220608
2015-07-07,192.62,3.0032619838872106
2015-07-08,194.69,3.0061067457081325
2015-07-09,194.29,2.9847110349375137
2015-07-10,195.01,3.0006888650650043
2015-07-13,196.21,3.040742551286912
2015-07-14,198.08,3.0678271555088403
2015-07-15,197.83,3.0959940316011023
2015-07-16,198.49,3.1018055422887634
2015-07-17,200.5,3.132806016329149
2015-07-20,201.1,3.135362938810776
2015-07-21,201.8,3.1399190817908362
2015-07-22,199.98,3.1108757351346323
2015-07-23,200.12,3.1252844508670523
2015-07-24,200.37,3.108061090099653
2015-07-27,200.05,3.1072205152239305
2015-07-28,198.24,3.084785894953656
2015-07-29,199.45,3.1137431707216576
2015-07-30,201.17,3.139929787408013
2015-07-31,201.6,3.146302721610261
2015-08-03,202.57,3.164306648088764
2015-08-04,202.63,3.1595270370370367
2015-08-05,203.22,3.1591216725499915
2015-08-06,205.21,3.205496594392788
2015-08-07,203.48,3.1550326093100245
2015-08-10,203.67,3.1563181281016277
2015-08-11,203.27,3.1640892344305422
2015-08-12,200.26,3.1166361830699385
2015-08-13,200.78,3.133334289304607
2015-08-14,200.38,3.1288764369679773
2015-08-17,200.61,3.139685851998866
2015-08-18,200.51,3.1250379860176647
2015-08-19,199.93,3.133096554518018
2015-08-20,198.3,3.111020664418455
2015-08-21,195.55,3.0673417169996386
2015-08-24,189.87,2.9765550727674692
2015-08-25,186.84,2.9435735114173105
2015-08-26,185.52,2.9118384737545093
2015-08-27,191.36,2.9659785112622448
2015-08-28,194.34,2.997676024722488
2015-09-01,192.95,2.9701798114390883
2015-09-02,189.87,2.9064494416598916
2015-09-03,193.01,2.954633375208097
2015-09-04,192.5,2.936126923780674
2015-09-07,190.19,2.8901091388329156
2015-09-08,190.49,2.9123176488518596
2015-09-09,194.26,2.9926768649402344
2015-09-10,191.23,2.9366327813628796
2015-09-11,190.99,2.9492593546025745
2015-09-14,192.07,2.96766587887891
2015-09-15,191.16,2.949888737306076
2015-09-16,193.8,2.972747137763239
2015-09-17,194.62,3.0192222823313264
2015-09-18,193.1,3.005567563670817
2015-09-21,192.8,2.996282516939366
2015-09-22,192.87,2.994226610110803
2015-09-23,193.09,2.963078407349135
2015-09-25,195.21,2.972034173590099
2015-09-29,191.31,2.900620809236784
2015-09-30,193.37,2.9306165506416204
2015-10-01,195.64,2.960058042922634
2015-10-02,196.49,2.9761052657724787
2015-10-05,198.73,3.025332749218798
2015-10-06,200.99,3.0473781942078366
2015-10-07,198.65,3.0269488887524556
2015-10-08,199.73,3.0587118314589588
2015-10-09,201.26,3.0908550630320892
2015-10-12,200.93,3.078918924872866
2015-10-13,202.6,3.1026518203659217
2015-10-14,200.57,3.060672750005167
2015-10-15,199.99,3.0926660320933625
2015-10-16,201.26,3.111500698893419
2015-10-19,202.38,3.123522269527112
2015-10-20,203.53,3.1499994823802226
2015-10-21,204.06,3.1521786516388346
2015-10-22,203.4,3.1398441057183257
2015-10-23,206.58,3.1819677212679625
2015-10-26,207.81,3.186442458813755
2015-10-27,208.33,3.1997273681980514
2015-10-28,209.36,3.205095845997974
2015-10-29,209.7,3.2014066292067667
2015-10-30,208.58,3.195486493948185
2015-11-02,206.65,3.1892297339310605
2015-11-03,207.88,3.2060091690314554
2015-11-04,208.78,3.2192262949956105
2015-11-05,209.55,3.222985202236106
2015-11-06,210.96,3.209797305847942
2015-11-09,210.0,3.164220635311499
2015-11-10,208.07,3.145575423645222
2015-11-11,208.98,3.1705037183076374
2015-11-12,208.9,3.1809416755455584
2015-11-13,205.12,3.1210228030288056
2015-11-16,205.28,3.12298344009117
2015-11-17,208.26,3.1618123732748233
2015-11-18,207.39,3.152982405531749
2015-11-19,208.95,3.1913702268900193
2015-11-23,210.68,3.1948294198600524
2015-11-24,210.07,3.1799397838899806
2015-11-25,211.49,3.197198425312012
2015-11-26,212.0,3.2071458032783715
2015-11-27,212.1,3.2017900738992497
2015-11-30,213.35,3.2063652644011484
2015-12-01,212.11,3.2012451651125162
2015-12-02,214.12,3.227751059336335
2015-12-03,215.31,3.21383190314441
2015-12-04,210.21,3.178741948114054
2015-12-07,215.2,3.248255196819953
2015-12-08,214.58,3.2304342790909635
2015-12-09,212.93,3.1971465093313918
2015-12-10,210.17,3.1879745216910464
2015-12-11,209.9,3.177151668351871
2015-12-14,208.38,3.1661468839210327
2015-12-15,209.6,3.1784711173718367
2015-12-16,212.55,3.200276721983405
2015-12-17,216.17,3.232130225339501
2015-12-18,213.56,3.1849343336451015
2015-12-21,212.0,3.16314975401902
2015-12-22,212.6,3.1654291442650098
2015-12-23,215.14,3.1910957838985174
2015-12-24,216.19,3.2174998569284643
2015-12-29,218.07,3.2498803812995023
2015-12-30,220.17,3.2653923595595273
2015-12-31,218.53,3.2394759463517167
2016-01-04,214.73,3.161401487419857
2016-01-05,212.44,3.1268029758141003
2016-01-06,213.06,3.1232116981576783
2016-01-07,211.87,3.101519965077392
2016-01-08,209.76,3.0691906054798053
2016-01-11,209.1,3.037629485443466
2016-01-12,211.77,3.0796252907610313
2016-01-13,213.33,3.0851146062654586
2016-01-14,209.45,3.016918731007896
2016-01-15,210.57,3.0342500921500024
2016-01-18,208.54,2.9770518390000094
2016-01-19,210.12,2.9936832200484664
2016-01-20,210.29,2.9732739849044676
2016-01-21,209.45,2.9711979160514246
2016-01-22,209.8,2.981458371364916
2016-01-25,213.19,3.049098520903459
2016-01-26,212.24,3.0221405356828885
2016-01-27,214.06,3.07100491450704
2016-01-28,214.48,3.057769420843401
2016-01-29,215.78,3.0986618648450843
2016-02-01,220.92,3.151462380467956
2016-02-02,219.73,3.1723065511551156
2016-02-03,217.75,3.1375523187433787
2016-02-04,216.41,3.157002655024069
2016-02-05,215.86,3.1449100857492858
2016-02-08,212.42,3.0820261059781244
2016-02-09,210.88,3.043025086694744
2016-02-10,210.87,3.051786610925533
2016-02-11,211.02,3.068790339157246
2016-02-12,209.04,3.02497326840377
2016-02-15,214.2,3.109097822790951
2016-02-16,215.14,3.1069112613335474
2016-02-17,218.4,3.1259838355917435
2016-02-18,219.22,3.135766868029275
2016-02-19,219.65,3.146850651620313
2016-02-22,223.19,3.1867483072500797
2016-02-23,223.59,3.157423108968637
2016-02-24,224.29,3.135446811566736
2016-02-25,226.03,3.149972348704611
2016-02-26,228.44,3.1957440254784726
2016-02-29,228.03,3.1603062219046762
2016-03-01,227.31,3.1678634651619433
2016-03-02,228.74,3.1925540697097747
2016-03-03,227.71,3.207528443429026
2016-03-04,227.73,3.226526876607453
2016-03-07,227.37,3.2306779147702938
2016-03-08,225.6,3.2161764319155295
2016-03-09,225.84,3.204938423542714
2016-03-10,227.32,3.2277689614796885
2016-03-11,226.41,3.232062193859605
2016-03-14,228.18,3.2842267702588464
2016-03-15,230.23,3.2873595433789955
2016-03-16,230.92,3.264016996633536
2016-03-17,227.8,3.2518208955223886
2016-03-18,227.95,3.298991884031255
2016-03-21,229.0,3.3094179964448442
2016-03-22,229.87,3.3051058274629916
2016-03-23,231.95,3.2956077841267257
2016-03-24,232.22,3.2737884682491374
2016-03-29,230.57,3.283476700982734
2016-03-30,232.43,3.3396974290217587
2016-03-31,232.64,3.3386483798905577
2016-04-01,232.49,3.336279992789823
2016-04-04,236.46,3.367062898257076
2016-04-05,235.47,3.3620706487709615
2016-04-06,236.29,3.3450059728197914
2016-04-07,238.29,3.366095787380782
2016-04-08,237.19,3.3370351958775686
2016-04-11,235.94,3.3316055885776037
2016-04-12,233.83,3.3291433163566957
2016-04-13,236.23,3.3714478358989224
2016-04-14,238.43,3.37477700251786
2016-04-15,237.1,3.3558843871495805
2016-04-18,237.85,3.3707222750997854
2016-04-19,238.16,3.4074688115709777
2016-04-20,237.79,3.4202231959399634
2016-04-21,235.58,3.3781233185547572
2016-04-22,233.72,3.3529938573490257
2016-04-25,232.05,3.3499864795039613
2016-04-26,230.69,3.34676782533638
2016-04-27,229.63,3.3472785519653496
2016-04-28,230.53,3.3494670883756905
2016-04-29,229.88,3.3670286834595875
2016-05-03,230.19,3.3763905823782605
2016-05-04,231.4,3.3617292421763345
2016-05-05,231.86,3.3684120228651904
2016-05-06,231.35,3.3496805985552114
2016-05-09,234.28,3.379991001303568
2016-05-10,235.31,3.3906976004566673
2016-05-11,237.07,3.4262882600475693
2016-05-12,236.01,3.4083780909934625
2016-05-13,235.67,3.400658637345616
2016-05-16,235.38,3.3964740105164464
2016-05-17,235.46,3.4051897249600285
2016-05-18,232.26,3.3538154786150707
2016-05-19,229.03,3.3388345697329376
2016-05-20,230.04,3.357778374004855
2016-05-23,231.55,3.358780576438598
2016-05-24,230.67,3.3413751455883967
2016-05-25,232.46,3.3973033133581283
2016-05-26,232.51,3.420856826977889
2016-05-27,233.01,3.4189502956566984
2016-05-31,234.16,3.4399639643954805
2016-06-01,235.37,3.408457199291514
2016-06-02,236.21,3.4071389718259057
2016-06-03,237.37,3.4204160751231902
2016-06-06,238.53,3.4317166087335447
2016-06-07,236.9,3.4244993527738985
2016-06-08,236.57,3.4409939055300716
2016-06-09,238.14,3.4532982144702307
2016-06-10,238.33,3.446066454234784
2016-06-13,239.8,3.402484753938523
2016-06-14,237.23,3.3700710090554944
2016-06-15,237.69,3.359970080414086
2016-06-16,237.09,3.363003650514222
2016-06-17,236.71,3.3717352137505507
2016-06-20,233.65,3.4030775793548393
2016-06-21,233.52,3.423936358584923
2016-06-22,235.56,3.4588311392040194
2016-06-23,234.23,3.4708385574244143
2016-06-24,248.67,3.5838366158711903
2016-06-28,248.63,3.3067402215965487
2016-06-29,250.52,3.335659320973957
2016-06-30,253.52,3.3993749272550917
2016-07-01,260.17,3.4687750405613693
2016-07-04,260.59,3.4621553127477482
2016-07-05,261.76,3.4680560322698932
2016-07-06,264.49,3.410399267907411
2016-07-07,264.4,3.4220811545956478
2016-07-08,265.06,3.4358695601125526
2016-07-11,268.48,3.476067043519443
2016-07-12,265.78,3.4748021251951453
2016-07-13,263.83,3.508377940719816
2016-07-14,264.06,3.4738945119987115
2016-07-15,263.32,3.531944320703708
2016-07-18,265.89,3.524681771677726
2016-07-19,267.02,3.528829987313988
2016-07-20,267.97,3.5087383243151002
2016-07-21,267.96,3.5477088020247463
2016-07-22,269.21,3.5633209327559703
2016-07-25,268.54,3.524409367803433
2016-07-26,269.02,3.5260993935012253
2016-07-27,269.7,3.5426665269837465
2016-07-28,267.84,3.541304682465596
2016-07-29,267.1,3.520955649195138
2016-08-01,268.42,3.538356103919726
2016-08-02,268.52,3.5399175134195593
2016-08-03,266.02,3.5449422065005645
2016-08-04,266.53,3.5548821383481304
2016-08-05,270.26,3.5478316302691724
2016-08-08,272.26,3.5635336277373004
2016-08-09,274.14,3.5622690035637348
2016-08-10,273.93,3.580164316966948
2016-08-11,276.6,3.600544025508494
2016-08-12,277.45,3.600387585289578
2016-08-15,278.14,3.599440559767
2016-08-16,276.94,3.5671803281356484
2016-08-17,274.94,3.589614782546009
2016-08-18,273.16,3.572824934754129
2016-08-19,273.93,3.6000525291465877
2016-08-22,273.62,3.57308314759222
2016-08-23,272.72,3.5837330863740195
2016-08-24,270.15,3.562155604068214
2016-08-25,269.38,3.567420876386314
2016-08-26,269.29,3.5539233684469154
2016-08-30,272.49,3.5654399757526773
2016-08-31,270.23,3.5363475775184043
2016-09-01,268.14,3.5227637813188912
2016-09-02,269.09,3.5763533902241966
2016-09-05,269.25,3.5815543057925505
2016-09-06,268.8,3.5783930478314847
2016-09-07,269.07,3.609965282229254
2016-09-08,269.55,3.600114305857831
2016-09-09,268.71,3.578438742996842
2016-09-12,263.15,3.4899537302980783
2016-09-13,266.49,3.5515803190351534
2016-09-14,265.68,3.5032060616497325
2016-09-15,265.63,3.5222151599613443
2016-09-16,268.49,3.5549102341266603
2016-09-19,270.61,3.528245804312445
2016-09-20,272.86,3.560037450537027
2016-09-21,271.99,3.535460156953167
2016-09-22,273.99,3.5729349861250874
2016-09-23,276.55,3.6114452047105887
2016-09-26,275.25,3.5732095939490454
2016-09-27,273.81,3.5557344588939017
2016-09-28,273.99,3.562020740280381
2016-09-29,274.12,3.5715346337782585
2016-09-30,272.32,3.529840493513414
2016-10-03,276.58,3.5780887265539834
2016-10-04,279.42,3.5861871667208587
2016-10-05,277.53,3.5380572242864803
2016-10-06,277.54,3.534269373248304
2016-10-07,282.67,3.506877716371851
2016-10-10,281.44,3.495712996134151
2016-10-11,285.76,3.520399851054194
2016-10-12,281.67,3.4580948994713228
2016-10-13,281.75,3.431741305716885
2016-10-14,281.51,3.4464107441832446
2016-10-17,281.75,3.4268475435404206
2016-10-18,280.55,3.4345833074292815
2016-10-19,280.41,3.4492118421448117
2016-10-20,280.76,3.4508297676839454
2016-10-21,280.77,3.4380981428187325
2016-10-24,281.18,3.427717562581428
2016-10-25,282.36,3.4507292282871744
2016-10-26,279.27,3.396490990202417
2016-10-27,277.28,3.389164937160156
2016-10-28,278.65,3.394765485050462
2016-10-31,279.07,3.401100990525409
2016-11-01,278.26,3.404559855504633
2016-11-02,274.94,3.363245153351773
2016-11-03,271.03,3.343284408371618
2016-11-04,269.71,3.365064665340344
2016-11-07,271.38,3.381880947451745
2016-11-08,274.33,3.3994403387111505
2016-11-09,273.93,3.4034524906721186
2016-11-10,271.82,3.376596825748497
2016-11-11,263.59,3.310528021404332
2016-11-14,263.16,3.308196466685319
2016-11-15,262.21,3.2747245044544533
2016-11-16,264.51,3.300272173594108
2016-11-17,264.91,3.290268094108343
2016-11-18,267.37,3.313363618522408
2016-11-21,268.0,3.3077351957389625
2016-11-22,268.16,3.352059209248011
2016-11-23,268.49,3.3355434223541054
2016-11-24,266.57,3.313752965241135
2016-11-25,267.64,3.3302216617817457
2016-11-28,269.59,3.377288877113446
2016-11-29,267.7,3.3186030319003557
2016-11-30,270.15,3.3700825017348723
2016-12-01,261.9,3.280714882715086
2016-12-02,258.82,3.261517579143389
2016-12-05,258.89,3.2805777513732517
2016-12-06,258.91,3.3001843884637325
2016-12-07,262.14,3.32093523101663
2016-12-08,263.57,3.3360095182832077
2016-12-09,265.46,3.3423730954188806
2016-12-12,266.82,3.360171948264285
2016-12-13,267.15,3.3874651303583634
2016-12-14,269.28,3.4080803547828125
2016-12-15,270.54,3.3957852027668514
2016-12-16,272.76,3.3831804540074484
2016-12-19,273.45,3.4137964219528203
2016-12-20,275.04,3.41082797728653
2016-12-21,274.83,3.402693716031299
2016-12-22,275.58,3.4083473455556517
2016-12-23,277.95,3.4146686136319753
2016-12-28,278.57,3.4235695226532545
2016-12-29,277.39,3.395674924826522
2016-12-30,277.69,3.4096236669802993
2017-01-03,276.54,3.401266337438996
2017-01-04,277.53,3.396548044692737
2017-01-05,277.45,3.4181984378944095
2017-01-06,276.93,3.4315127154898133
2017-01-09,282.04,3.4559958546601015
2017-01-10,282.46,3.435899800543616
2017-01-11,282.43,3.4372973866765255
2017-01-12,281.13,3.428261802860411
2017-01-13,283.5,3.4459595559080096
2017-01-16,285.74,3.4356770013030142
2017-01-17,282.32,3.40714818734078
2017-01-18,280.86,3.464520354174481
2017-01-19,280.74,3.448486574119591
2017-01-20,280.79,3.46945928428601
2017-01-23,278.58,3.461533703376978
2017-01-24,278.46,3.4895154730695905
2017-01-25,277.11,3.4732139542473965
2017-01-26,276.6,3.4972568272415363
2017-01-27,276.83,3.485656309814827
2017-01-30,277.8,3.495919723472093
2017-01-31,278.77,3.488905380304403
2017-02-01,275.72,3.4663478704259156
2017-02-02,274.26,3.474837740029542
2017-02-03,280.88,3.516720784180768
2017-02-06,282.86,3.53170761096202
2017-02-07,284.01,3.542005614986591
2017-02-08,283.27,3.542801872852574
2017-02-09,282.2,3.529723206918833
2017-02-10,284.82,3.5645004565939273
2017-02-13,283.88,3.5447590324646536
2017-02-14,285.98,3.5820701149877925
2017-02-15,286.37,3.5687836247246696
2017-02-16,286.46,3.5689301993571663
2017-02-17,290.0,3.624841699914648
2017-02-20,289.03,3.5879369871934017
2017-02-21,290.3,3.6152253767929037
2017-02-22,291.35,3.643977773522655
2017-02-23,291.33,3.6247197226411765
2017-02-24,290.73,3.646777300293895
2017-02-27,294.68,3.659384343930523
2017-02-28,293.67,3.6507660448090755
2017-03-01,296.57,3.6710496853243115
2017-03-02,299.02,3.670964052473278
2017-03-03,299.51,3.6761227281172686
2017-03-06,299.1,3.6746890145157964
2017-03-07,300.58,3.679922536010646
2017-03-08,300.69,3.671901059090198
2017-03-09,301.01,3.661463976790677
2017-03-10,302.93,3.6841171864605755
2017-03-13,302.6,3.6843448986198184
2017-03-14,304.84,3.718216792393525
2017-03-15,302.72,3.6802658165017026
2017-03-16,303.64,3.725783053465346
2017-03-17,301.51,3.7245705420579314
2017-03-20,302.22,3.7435907928083725
2017-03-21,300.7,3.7169070371435087
2017-03-22,298.87,3.727355033710775
2017-03-23,298.44,3.7258044582747383
2017-03-24,299.04,3.734997590361446
2017-03-28,298.38,3.75032720752215
2017-03-29,300.64,3.728186743285845
2017-03-30,300.44,3.7388294330183443
2017-03-31,300.14,3.749716450713141
2017-04-03,299.18,3.7503882142468843
2017-04-04,300.02,3.746492004229625
2017-04-05,299.91,3.733337579674484
2017-04-06,300.09,3.7465371015150315
2017-04-07,300.16,3.7419123669753724
2017-04-10,300.95,3.726349642706608
2017-04-11,301.09,3.7405053676917936
2017-04-12,299.96,3.745586401564665
2017-04-13,299.48,3.7634731282061424
2017-04-18,297.93,3.7445862160802537
2017-04-19,293.9,3.770252365398172
2017-04-20,295.04,3.7685533282447294
2017-04-21,295.23,3.7799472797747686
2017-04-24,296.8,3.798709615862446
2017-04-25,301.61,3.855809318700963
2017-04-26,303.64,3.8995461596017438
2017-04-27,301.4,3.8745121372767852
2017-04-28,301.76,3.8948784894837476
2017-05-02,302.8,3.905389744915204
2017-05-03,304.25,3.9382199254879238
2017-05-04,304.5,3.9216487931652537
2017-05-05,304.32,3.9291613100016054
2017-05-08,304.83,3.9511034315049987
2017-05-09,305.38,3.9540216677245317
2017-05-10,304.47,3.9430869766618493
2017-05-11,305.59,3.951598446653386
2017-05-12,306.36,3.9495269704651306
2017-05-15,305.55,3.9380932643255435
2017-05-16,308.29,3.978316205278126
2017-05-17,307.55,3.973498218993379
2017-05-18,304.11,3.9414173644461075
2017-05-19,305.94,3.9611527097478176
2017-05-22,307.58,3.996814446002805
2017-05-23,309.71,4.023429534855303
2017-05-24,310.64,4.029156736242884
2017-05-25,312.52,4.053541279972399
2017-05-26,316.04,4.06857826776134
2017-05-30,314.69,4.029656337857244
2017-05-31,317.52,4.070082965126893
2017-06-01,318.91,4.109599715676648
2017-06-02,321.22,4.139864735323799
2017-06-05,320.64,4.132389728952814
2017-06-06,320.76,4.144762425238928
2017-06-07,320.61,4.1378209920720606
2017-06-08,319.96,4.146856263916678
2017-06-09,322.69,4.127873622823965
2017-06-12,321.8,4.101077388186989
2017-06-13,319.98,4.048135785174597
2017-06-14,322.09,4.106582475544061
2017-06-15,319.92,4.079485480122324
2017-06-16,321.49,4.108069286323746
2017-06-19,321.93,4.110807526641177
2017-06-20,326.59,4.1588964807389734
2017-06-21,324.76,4.1009834601127295
2017-06-22,324.9,4.115516845126619
2017-06-23,322.83,4.097618451234057
2017-06-26,324.73,4.1390048942555016
2017-06-27,323.5,4.113797267998738
2017-06-28,319.66,4.097693544892759
2017-06-29,317.18,4.111680031427035
2017-06-30,314.08,4.090565016255616
2017-07-03,312.39,4.062842928490352
2017-07-04,311.84,4.036162640253175
2017-07-05,312.11,4.040592461532141
2017-07-06,311.81,4.029312430525647
2017-07-07,312.52,4.053287941421819
2017-07-10,315.13,4.064758760323787
2017-07-11,313.48,4.036857512268587
2017-07-12,314.67,4.044311579715207
2017-07-13,316.79,4.085382613027135
2017-07-14,315.78,4.086228172820045
2017-07-17,315.91,4.138850644085194
2017-07-18,317.2,4.15048568420618
2017-07-19,316.81,4.128957040560427
2017-07-20,320.44,4.173182133048678
2017-07-21,320.78,4.158376709192699
2017-07-24,318.17,4.139695617917569
2017-07-25,318.72,4.151106689794981
2017-07-26,316.7,4.126488483046795
2017-07-27,315.6,4.1412831586725085
2017-07-28,316.36,4.138485605527151
2017-07-31,315.55,4.144702954708108
2017-08-01,314.15,4.126314160106329
2017-08-02,313.24,4.134228013962963
2017-08-03,312.79,4.131989370709266
2017-08-04,314.71,4.133565474754086
2017-08-07,316.44,4.129227655629138
2017-08-08,317.34,4.141639686126038
2017-08-09,316.72,4.110225838197989
2017-08-10,316.85,4.1214132665100385
2017-08-11,315.03,4.089826184104896
2017-08-14,316.63,4.120747232445769
2017-08-15,320.51,4.155742048413345
2017-08-16,322.38,4.150381754364545
2017-08-17,323.73,4.178755454834769
2017-08-18,318.91,4.1068098599808645
2017-08-21,319.13,4.108669850746268
2017-08-22,321.36,4.1449336199006614
2017-08-23,323.54,4.145869637000787
2017-08-24,321.07,4.106164664180633
2017-08-25,320.6,4.105745204636373
2017-08-29,318.08,4.1146977705252
2017-08-30,319.61,4.131050330569948
2017-08-31,322.24,4.160027602070156
2017-09-01,323.65,4.189853430310533
2017-09-04,322.55,4.180755608338572
2017-09-05,321.98,4.1617291281606
2017-09-06,319.26,4.1620385380613865
2017-09-07,320.38,4.179266164183585
2017-09-08,319.98,4.193372032757812
2017-09-11,319.88,4.214505842382809
2017-09-12,320.11,4.216977681270447
2017-09-13,319.83,4.254406000412967
2017-09-14,319.91,4.224926022266688
2017-09-15,312.16,4.179468430566968
2017-09-18,313.52,4.259107297659552
2017-09-19,315.15,4.259951679698364
2017-09-20,314.12,4.249460975810772
2017-09-21,313.26,4.224225418148832
2017-09-22,311.16,4.226731245081708
2017-09-25,312.43,4.227511386789856
2017-09-26,311.21,4.19467635320043
2017-09-27,311.0,4.181997836094355
2017-09-28,311.35,4.169537415934966
2017-09-29,312.35,4.191506110737366
2017-10-02,315.08,4.2105908785817014
2017-10-03,317.05,4.199105169899965
2017-10-04,316.62,4.199572185551888
2017-10-05,320.15,4.237620636451301
2017-10-06,324.8,4.254313345132743
2017-10-09,323.58,4.232355271280957
2017-10-10,323.16,4.254373374105164
2017-10-11,323.97,4.277002513322845
2017-10-12,326.02,4.31746169883541
2017-10-13,324.57,4.306442307106212
2017-10-16,324.22,4.307335504482941
2017-10-17,326.02,4.3170458807667735
2017-10-18,327.08,4.314590640433973
2017-10-19,327.33,4.323990113653584
2017-10-20,326.67,4.286616028838581
2017-10-23,328.61,4.333152031972653
2017-10-24,328.29,4.338220410194541
2017-10-25,327.09,4.295660638882505
2017-10-26,327.94,4.354553914688717
2017-10-27,332.02,4.358147342635843
2017-10-30,332.78,4.3720967172118135
2017-10-31,330.49,4.363549817538208
2017-11-01,329.44,4.373684995391887
2017-11-02,332.41,4.415672177323509
2017-11-03,333.96,4.364916660226495
2017-11-06,335.2,4.3833897197834295
2017-11-07,333.82,4.398193075946353
2017-11-08,334.34,4.403324635526615
2017-11-09,335.02,4.396928097986989
2017-11-10,333.25,4.37930931334488
2017-11-13,333.74,4.378897879820057
2017-11-14,334.29,4.384537888241957
2017-11-15,333.98,4.388552564667254
2017-11-16,332.41,4.378857061643631
2017-11-17,335.17,4.436488129988712
2017-11-20,333.3,4.397462996543606
2017-11-21,334.49,4.429923486253165
2017-11-22,335.87,4.450853774687566
2017-11-23,333.91,4.448608624880238
2017-11-24,334.2,4.445818170812904
2017-11-27,334.59,4.4564025748212766
2017-11-28,335.88,4.474549278841305
2017-11-29,334.44,4.469957088091764
2017-11-30,331.07,4.460905469598808
2017-12-01,331.41,4.484129628324997
2017-12-04,331.47,4.465430991381483
2017-12-05,330.57,4.452458165091494
2017-12-06,332.57,4.466572939217319
2017-12-07,335.26,4.486805425146584
2017-12-08,331.68,4.470320368472889
2017-12-11,334.47,4.481177920328821
2017-12-12,335.81,4.479086961426345
2017-12-13,336.26,4.47904326862555
2017-12-14,335.35,4.50576536354957
2017-12-15,334.27,4.491652683293269
2017-12-18,338.75,4.51679077819301
2017-12-19,338.89,4.532479283776996
2017-12-20,337.82,4.524563600904749
2017-12-21,337.76,4.5152243568373045
2017-12-22,337.22,4.512535475282507
2017-12-27,336.77,4.504398588998188
2017-12-28,337.5,4.529823036417718
2017-12-29,336.04,4.521813215145812
2018-01-02,334.45,4.500417896100216
2018-01-03,334.23,4.542646976729983
2018-01-04,336.73,4.5529041696206125
2018-01-05,339.22,4.600273177273835
2018-01-08,341.26,4.631143307693868
2018-01-09,341.57,4.6387558216852325
2018-01-10,342.67,4.639262315804317
2018-01-11,343.2,4.639137367643188
2018-01-12,340.1,4.606437806807579
2018-01-15,339.51,4.662463135536835
2018-01-16,339.65,4.6872908010649335
2018-01-17,339.45,4.681130921601548
2018-01-18,340.19,4.701241411581205
2018-01-19,341.57,4.7466365349060595
2018-01-22,343.43,4.764692407889457
2018-01-23,344.59,4.819940078429758
2018-01-24,339.42,4.763587168677819
2018-01-25,337.06,4.809285817647984
2018-01-26,337.81,4.791621360686139
2018-01-29,342.83,4.842446127835836
2018-01-30,343.81,4.828695557970021
2018-01-31,342.21,4.844496372299872
2018-02-01,340.25,4.830530443098501
2018-02-02,337.32,4.808530689644126
2018-02-05,333.99,4.716087511706114
2018-02-06,325.81,4.547716968518165
2018-02-07,328.89,4.591159352647396
2018-02-08,324.78,4.5120717461117055
2018-02-20,329.7,4.607003042650296
2018-02-21,330.13,4.618227270325955
2018-02-22,330.67,4.600322906759733
2018-02-23,329.14,4.59370659219535
2018-02-26,333.13,4.664187186552769
2018-02-27,335.78,4.6903594521474465
2018-02-28,335.09,4.654742945553672
2018-03-01,332.67,4.57405577076092
2018-03-02,327.53,4.514007647881841
2018-03-05,328.66,4.531902828502851
2018-03-06,331.82,4.594142933024187
2018-03-07,331.68,4.60769621985868
2018-03-08,333.79,4.6411547105061555
2018-03-09,337.13,4.6538178508270045
2018-03-12,340.76,4.723182289484382
2018-03-13,339.86,4.724391550444328
2018-03-14,336.38,4.706875218720132
2018-03-15,336.43,4.7026624454835195
2018-03-16,335.83,4.676017904466487
2018-03-19,333.53,4.646093608405838
2018-03-20,330.7,4.642055798459296
2018-03-21,329.74,4.618942686047596
2018-03-22,325.8,4.613642683321671
2018-03-23,320.41,4.5222867813504495
2018-03-26,314.55,4.4550944361955755
2018-03-27,321.67,4.576171949228806
2018-03-28,317.52,4.503022983529412
2018-03-29,320.05,4.5014360070378805
2018-04-03,318.44,4.475074217147121
2018-04-04,319.41,4.497409497535725
2018-04-05,323.13,4.55127864448679
2018-04-06,326.16,4.5722890759762045
2018-04-09,320.63,4.51901001516355
2018-04-10,322.0,4.549182947019867
2018-04-11,325.12,4.607814375704666
2018-04-12,323.73,4.591908011535123
2018-04-13,321.73,4.579501837558967
2018-04-16,321.5,4.582523060785867
2018-04-17,322.46,4.623601487011848
2018-04-18,328.59,4.697409985568212
2018-04-19,328.31,4.657785974357665
2018-04-20,326.13,4.592032094264297
2018-04-23,325.74,4.5677525120272815
2018-04-24,326.44,4.5484356548667195
2018-04-25,320.32,4.4765432336103235
2018-04-26,320.54,4.469714726120554
2018-04-27,329.68,4.590322705662153
2018-04-30,331.45,4.56673968106006
2018-05-02,332.47,4.527028096568593
2018-05-03,330.21,4.488270898588698
2018-05-04,331.81,4.506942547699883
2018-05-08,336.9,4.570178140889569
2018-05-09,336.16,4.550399494939531
2018-05-10,338.81,4.586270980724842
2018-05-11,341.63,4.620956041179316
2018-05-14,342.37,4.646282780525026
2018-05-15,342.51,4.647916536835957
2018-05-16,341.6,4.608986498649865
2018-05-17,341.93,4.633639062716459
2018-05-18,342.39,4.625267232767233
2018-05-21,346.23,4.6771409036508045
2018-05-22,347.01,4.656776858510806
2018-05-23,347.5,4.663926110928325
2018-05-24,349.88,4.673450641708567
2018-05-25,351.16,4.694262305153035
2018-05-29,350.96,4.670080495948492
2018-05-30,349.28,4.629712622638308
2018-05-31,351.76,4.676451977084251
2018-06-01,351.49,4.668244204746226
2018-06-04,353.14,4.723342118231535
2018-06-05,355.51,4.734861927804996
2018-06-06,355.21,4.763332360339692
2018-06-07,355.75,4.777448092975602
2018-06-08,354.37,4.756510799051033
2018-06-11,358.75,4.8148472625956815
2018-06-12,357.31,4.7733069811755975
2018-06-13,360.26,4.815891044342186
2018-06-14,357.95,4.7877826364330485
2018-06-15,362.29,4.802939738155975
2018-06-18,361.96,4.803319947962699
2018-06-19,362.46,4.80922466032202
2018-06-20,362.63,4.773614761881065
2018-06-21,362.61,4.7741982281471484
2018-06-22,359.46,4.764535149542786
2018-06-25,360.7,4.784382656641603
2018-06-26,355.64,4.72190807388604
2018-06-27,357.24,4.723767723492724
2018-06-28,357.01,4.680921521603068
2018-06-29,359.27,4.695773845863766
2018-07-02,355.82,4.691226161154468
2018-07-03,357.45,4.6917380767507835
2018-07-04,355.71,4.698033134847289
2018-07-06,358.49,4.734128365312809
2018-07-09,359.19,4.776602903865808
2018-07-10,363.27,4.812869809889724
2018-07-11,364.49,4.83419579617326
2018-07-12,365.38,4.82010649797249
2018-07-13,370.72,4.8881485696222535
2018-07-16,367.43,4.863289740498448
2018-07-17,368.1,4.870384546610506
2018-07-18,377.32,4.947413000069265
2018-07-19,377.5,4.935786856145502
2018-07-20,376.01,4.888948464430592
2018-07-23,375.34,4.934544581347244
2018-07-24,376.75,4.937392668016316
2018-07-25,375.59,4.9386428575699
2018-07-26,373.27,4.928096242757244
2018-07-27,375.22,4.917085744456177
2018-07-30,372.76,4.885853954349537
2018-07-31,366.64,4.812067297589927
2018-08-01,367.7,4.825979558487388
